x;y;z;yaw;pitch;roll;Up_x;Up_y;Up_z;k1;k2;k3;p1;p2;FOV (deg);Screenshot
0.480528;0.629267;1.52717;0.632433;-0.450362;-0.630239;0;1;0;0.15;0;0;0;0;60;screenshot_1716048319.png
1.58424;0.539078;1.65761;-0.0106949;-0.442064;-0.896919;0;1;0;0.15;0;0;0;0;60;screenshot_1716048325.png
