x;y;z;yaw;pitch;roll;Up_x;Up_y;Up_z;k1;k2;k3;p1;p2;FOV (deg);Screenshot
0.811421;0.589154;1.31291;0.547794;-0.530313;-0.647058;0;1;0;0;0;0;0;0;60;screenshot_1715942506.png
1.55879;0.516925;1.68436;0.00968985;-0.472366;-0.881344;0;1;0;0;0;0;0;0;60;screenshot_1715942516.png
