x;y;z;yaw;pitch;roll;Up_x;Up_y;Up_z;k1;k2;k3;p1;p2;FOV (deg);Screenshot
1.33262;0.611066;2.00373;0.168719;-0.310605;-0.935443;0;1;0;0;0;0;0;0;60;screenshot_1715931270.png
0.337801;0.951213;1.19525;0.701798;-0.582735;-0.40975;0;1;0;0;0;0;0;0;60;screenshot_1715931278.png
