x;y;z;yaw;pitch;roll;Up_x;Up_y;Up_z;k1;k2;k3;p1;p2;FOV (deg);Screenshot
1.40932;0.544366;1.79897;0.0898496;-0.281334;-0.955393;0;1;0;0;0;0;0;0;60;screenshot_1715874263.png
0.388235;0.914365;1.4467;0.693059;-0.483358;-0.534821;0;1;0;0;0;0;0;0;60;screenshot_1715874270.png
